company_name,company_url
アデコ株式会社NEW締切間近,https://www.adeccogroup.jp/
株式会社アイ・ステーション (グループ会社：INEST株式会社)NEW締切間近,https://i-sta.co.jp/
株式会社リクルート（飲食・ビューティ領域事業部） 【東証一部】NEW締切間近,https://www.recruit.co.jp/
ランスタッド株式会社NEW締切間近,http://www.randstad.co.jp/
ヒューマンリソシア株式会社 (ヒューマングループ)NEW締切間近,https://recruit.resocia.jp/
パーソルワークスデザイン株式会社 (PERSOLグループ)NEW締切間近,https://www.persol-wd.co.jp/
株式会社ユニフィットNEW,https://www.unifit.co.jp/
株式会社ウィルオブ・ワークNEW,https://willof-work.co.jp/
株式会社ＧＲＡＣＥNEW,https://gr1.jp/
株式会社ネクサスNEW,https://www.nexus-nt.co.jp/
株式会社ビースタイルスマートキャリアNEW,https://www.bstylegroup.co.jp/
株式会社ＯＮＥNEW,https://www.saiyou-one.jp/
株式会社ユニゾン・テクノロジーNEW,https://unison-career.com/company/
株式会社ピーエイ 【東証二部】NEW,https://www.pa-co-ltd.co.jp/
株式会社カーネルジャパンNEW,http://kernelj.jp/
株式会社デイリー・インフォメーションNEW,https://www.din-group.co.jp/
秋田県　移住・定住促進課NEW,https://www.a-iju.jp
パーソルワークスデザイン株式会社 (PERSOLグループ)NEW,https://www.persol-wd.co.jp/
東京メディコムホールディングス株式会社NEW,https://www.tokyo-medicom.co.jp/
株式会社ＦＩＸNEW,http://fix-group.co.jp/
ハレルヤエージェンシー株式会社NEW,https://www.halle-a.jp/
株式会社ＤＹＭNEW,https://dym.asia/
株式会社御剣商事NEW,http://mitsurugicorp.com/
株式会社ＲｅａｚｉｓｔａNEW,https://reazista.co.jp/
株式会社リブインサイトNEW,
株式会社ティーオーエイチNEW,http://toh-group.co.jp/
株式会社アローズコーポレーションNEW,https://e-arrows.com/
株式会社デイリー・インフォメーション関西　【DACグループ】NEW,https://dac-kansai.co.jp/
株式会社グラストNEW,https://www.grust.co.jp/
株式会社ＧＳＩNEW,https://glue-si.com/
Moxa Japan（モクサ ジャパン）合同会社NEW,https://www.moxa.com/jp/
Ａｇｏｄａ　Ｉｎｔｅｒｎａｔｉｏｎａｌ　Ｊａｐａｎ株式会社NEW,https://careersatagoda.com/
株式会社リザービアNEW,https://rsvia.co.jp/
株式会社グロップジョイ (GROPグループ)NEW,https://www.gropjoy.co.jp/
ヤフー株式会社NEW,http://docs.yahoo.co.jp/
株式会社ZEPE（ゼペ）NEW,http://www.zepe.co.jp/
株式会社ＣＳ‐Ｃ 【マザーズ】NEW,http://s-cs-c.com
HEROZ株式会社 【東証一部】NEW,https://heroz.co.jp/
ネットワンシステムズ株式会社 【東証一部】NEW,http://www.netone.co.jp/
株式会社ピーアール・デイリー (DACグループ)NEW,http://www.prdaily.jp/
株式会社ＯｕｔｓｔａｎｄｉｎｇNEW,http://www.out-standing.biz/
ＤＯＴＺ株式会社NEW,https://dotz.co.jp/
【ホットスタッフ名古屋グループ合同募集】（（株）ホットスタッフ名古屋・（株）ホットスタッフ名古屋北・（株）ホットスタッフ名古屋西・（株）ホットスタッフ名古屋東・（株）ホットスタッフ名古屋みなと）NEW,https://www.hotstaff.co.jp/branch/detail/0907
株式会社free movaNEW,https://www.freemova.com
株式会社アール・エムNEW,https://www.r-m.jp/
サングローブ株式会社NEW,https://www.sungrove.co.jp/
株式会社ディスコNEW,https://www.disc.co.jp/
株式会社リンクスタッフグループNEW,http://linkstaff-group.co.jp/
株式会社デイリー・インフォメーション中部NEW,https://www.din-c.jp/
株式会社ブルームソリューションズNEW,http://www.bloom-solutions.com/Page/TOP
株式会社リクルート（飲食・ビューティ領域事業部） 【東証一部】NEW締切間近,https://www.recruit.co.jp/
株式会社エクストリームNEW,
株式会社メディカル・コンシェルジュNEW,https://www.concier.com/
ＪＨＲ株式会社NEW,https://j-h-r.com/
株式会社ファーストNEW,https://www.first-oa.co.jp/index.html
株式会社スカイテックNEW,http://www.sky-tech.co.jp/
ポスタス株式会社 (パーソルグループ)NEW,https://www.postas.co.jp/
Ｎｅｔｓｋｏｐｅ　Ｊａｐａｎ株式会社NEW,https://www.netskope.com/jp/
株式会社ネオキャリアNEW,http://www.neo-career.co.jp/
株式会社フィジオNEW,http://www.figeo.co.jp/
株式会社フル・エフォートNEW,http://fulleffort.work/
ソシオ・ダイバシティ株式会社NEW,http://www.socio-diversity.co.jp/
日本スキルプロバイダ株式会社NEW,https://skillpro.jp/
レバレジーズ株式会社NEW,https://leverages.jp/
株式会社エヌ・アンド・アイ・システムズNEW,https://www.nandis.jp/
株式会社ネオフュージョンNEW,https://www.neofusion.co.jp/
株式会社メドレー 【マザーズ】NEW,http://www.medley.jp/
株式会社ミストラル (キイストングループ)NEW,http://mistral-inc.co.jp/
株式会社シェアNEW,http://www.share-ts.co.jp/recruit/
株式会社レイスNEW,https://racegroup.co.jp/
株式会社wiwiw (ネットラーニングホールディングスグループ)NEW,https://www.wiwiw.com/
キャリアリンク株式会社 【東証一部】NEW,http://www.careerlink.co.jp/
リビン・テクノロジーズ株式会社 【マザーズ】NEW,https://www.lvn.co.jp/
ランスタッド株式会社NEW,http://www.randstad.co.jp/
株式会社ADOLOGINEW,https://adologi.co.jp/
株式会社ＯＣＥＡＮ　ＧＡＴＥNEW,http://oceangate.co.jp/
ブリッジインターナショナル株式会社 【マザーズ】NEW,https://bridge-g.com/
株式会社プログリットNEW,https://www.progrit.co.jp/
フジアルテ株式会社 (フジグループ)NEW,http://www.fujiarte.co.jp
株式会社SiriusNEW,http://sirius01.com/index.html
株式会社コプロ・エンジニアード,https://www.copro-e.co.jp/
株式会社エス・エム・エスサポートサービス (株式会社エス・エム・エスグループ),https://www.sms-s-s.com/
株式会社フェリクスコミュニケーション,http://felix-c.com/
株式会社グランツ・バーン,https://www.glanzb.co.jp/index.html
株式会社NECT,https://nect.jp
株式会社アイアンドディハヤト,http://www.id-hayato.co.jp/
株式会社タイミー,https://corp.timee.co.jp/
株式会社チームライフメディア (株式会社アクセスグループ),https://teamlifemedia.jp
株式会社Ｒｕｓｈ　ｕｐ,https://rush-up.co.jp/
株式会社メディアコンサルティング,http://www.media-consulting.co.jp
ＡＪ・Ｆｌａｔ株式会社,https://ajflat.co.jp/
プロイク株式会社,https://proiku.net/
株式会社エクストリンク,https://www.extlink.co.jp
株式会社朝日広告,http://www.asahi-koukoku.co.jp/
株式会社プレシャスパートナーズ,https://www.rh-navi.jp/recruit_pack/p-partners/index
ウエル・ユーカン株式会社,https://www.welu-kan.co.jp/
株式会社トライトキャリア (トライトグループ),https://tryt-group.co.jp/
株式会社ピーエイ 【東証二部】,https://www.pa-co-ltd.co.jp/
株式会社ａｒｔｗｏｒｋ,https://artwork8.com/
株式会社グローマス,https://glomouth.co.jp/
株式会社トライトキャリア (トライトグループ),https://tryt-group.co.jp/
株式会社ＮＥＸＴスタッフサービス,https://nextss.co.jp/
株式会社フローム,https://fro-m.com/
株式会社マルニコーポレーション,
アデコ株式会社締切間近,https://www.adeccogroup.jp/
アデコ株式会社締切間近,https://www.adeccogroup.jp/
株式会社アスパーク,http://www.aspark.co.jp
株式会社中電シーティーアイ (中部電力グループ),http://www.cti.co.jp/
株式会社ＫＡＮＳＡＩ　ＣＯＬＬＥＣＴＩＯＮ,http://www.kansai-collection.net/
株式会社eighth tool締切間近,https://www.8tool.co.jp/
日本情報クリエイト株式会社 【マザーズ】,https://www.n-create.co.jp/
株式会社ＣｙｂｅｒＺ (サイバーエージェントグループ),https://cyber-z.co.jp/
株式会社ヒューマニック,https://www.humanic.co.jp/
株式会社NECT,https://nect.jp
株式会社ネオキャリア,http://www.neo-career.co.jp/
クラウドキャリア株式会社,http://cloud-career.co.jp/
株式会社ファーストロジック 【東証一部】,https://www.firstlogic.co.jp/
株式会社シェルパ,https://shpa.co.jp/
株式会社エクシードジャパン,http://www.exceedjapan.co.jp/
株式会社コジマ 【東証一部】,https://www.kojima.net/shop/index.htm
株式会社テクノ・サービス (スタッフサービスグループ),https://www.hatarakunavi.net/
ヤフー株式会社締切間近,http://docs.yahoo.co.jp/
株式会社アスタイム締切間近,http://www.asutime.co.jp/
株式会社クーリエ締切間近,http://www.courier.jpn.com
株式会社ＯＮＥ締切間近,https://www.saiyou-one.jp/
株式会社ウィルオブ・ワーク締切間近,https://willof-work.co.jp/
株式会社プレアデス,https://www.pleiades-net.co.jp/
株式会社ブレイブ締切間近,http://www.bravec.co.jp/
株式会社3WELL,https://3well.co.jp/
株式会社グロップ締切間近,https://www.grop.co.jp/
サングローブ株式会社,https://www.sungrove.co.jp/
株式会社ポケットチェンジ,https://www.pocket-change.jp/
株式会社日立システムズ締切間近,https://www.hitachi-systems.com/
Cognitive Data株式会社（コグニティブデータ）,https://www.cognitive.inc/
株式会社ネオキャリア締切間近,https://www.neo-career.co.jp/
株式会社リクルート締切間近,https://www.recruit.co.jp/
株式会社京栄コンサルティング,http://kyoei-consulting.com
ミイダス株式会社 (パーソルグループ),https://miidas.co.jp/
株式会社シーメック,https://connectmec.co.jp/
株式会社アプティ,http://recruit.upty.jp/
株式会社TMJ（セコムグループ）締切間近,http://www.tmj.jp/
株式会社アクロビジョン,https://www.acrovision.jp/
株式会社リクルート締切間近,https://www.recruit.co.jp/
株式会社ＢＵＳＫ締切間近,http://busk.co.jp/
株式会社ＬＩＮＱＷＩＬＬ　ＧＲＯＵＰ締切間近,http://www.linqwill-g.co.jp/
株式会社新通エスピー,http://www.shintsusp.co.jp/
佐世保市,https://www.city.sasebo.lg.jp/99life/
学校法人文際学園　日本外国語専門学校,https://www.jcfl.ac.jp/
株式会社ＷｏｌｆＧｒｏｕｐ,https://wolfgroup.jp/
株式会社カカクコム 【東証一部】,https://corporate.kakaku.com/
